<?xml version="1.0" encoding="utf-8" standalone="yes" ?>
<rss version="2.0" xmlns:atom="http://www.w3.org/2005/Atom">
  <channel>
    <title>Recent &amp; Upcoming Talks on Academic</title>
    <link>/talk/</link>
    <description>Recent content in Recent &amp; Upcoming Talks on Academic</description>
    <generator>Hugo -- gohugo.io</generator>
    <language>en-us</language>
    <copyright>&amp;copy; 2018</copyright>
    <lastBuildDate>Sun, 01 Jan 2017 00:00:00 -0200</lastBuildDate>
    
	<atom:link href="/talk/index.xml" rel="self" type="application/rss+xml" />
    
    
  </channel>
</rss>