<?xml version="1.0" encoding="utf-8" standalone="yes" ?>
<rss version="2.0" xmlns:atom="http://www.w3.org/2005/Atom">
  <channel>
    <title>Academic</title>
    <link>/</link>
    <description>Recent content on Academic</description>
    <generator>Hugo -- gohugo.io</generator>
    <language>en-us</language>
    <copyright>&amp;copy; 2018</copyright>
    <lastBuildDate>Wed, 20 Apr 2016 00:00:00 -0300</lastBuildDate>
    
	<atom:link href="/index.xml" rel="self" type="application/rss+xml" />
    
    
    <item>
      <title></title>
      <link>/home/about/</link>
      <pubDate>Wed, 20 Apr 2016 00:00:00 -0300</pubDate>
      
      <guid>/home/about/</guid>
      <description>Biography Lena Smith is a professor of artificial intelligence at the Stanford AI Lab. Her research interests include distributed robotics, mobile computing and programmable matter. She leads the Robotic Neurobiology group, which develops self-reconfiguring robots, systems of self-organizing robots, and mobile sensor networks.
Lorem ipsum dolor sit amet, consectetur adipiscing elit. Sed neque elit, tristique placerat feugiat ac, facilisis vitae arcu. Proin eget egestas augue. Praesent ut sem nec arcu pellentesque aliquet.</description>
    </item>
    
    <item>
      <title>Selected Publications</title>
      <link>/home/publications_selected/</link>
      <pubDate>Wed, 20 Apr 2016 00:00:00 -0300</pubDate>
      
      <guid>/home/publications_selected/</guid>
      <description></description>
    </item>
    
    <item>
      <title>Recent Publications</title>
      <link>/home/publications/</link>
      <pubDate>Wed, 20 Apr 2016 00:00:00 -0300</pubDate>
      
      <guid>/home/publications/</guid>
      <description></description>
    </item>
    
    <item>
      <title>Recent &amp; Upcoming Talks</title>
      <link>/home/talks/</link>
      <pubDate>Wed, 20 Apr 2016 00:00:00 -0300</pubDate>
      
      <guid>/home/talks/</guid>
      <description></description>
    </item>
    
    <item>
      <title>Recent Posts</title>
      <link>/home/posts/</link>
      <pubDate>Wed, 20 Apr 2016 00:00:00 -0300</pubDate>
      
      <guid>/home/posts/</guid>
      <description></description>
    </item>
    
    <item>
      <title>Projects</title>
      <link>/home/projects/</link>
      <pubDate>Wed, 20 Apr 2016 00:00:00 -0300</pubDate>
      
      <guid>/home/projects/</guid>
      <description></description>
    </item>
    
    <item>
      <title>Custom Section</title>
      <link>/home/teaching/</link>
      <pubDate>Wed, 20 Apr 2016 00:00:00 -0300</pubDate>
      
      <guid>/home/teaching/</guid>
      <description>This is an example of using the custom widget to create your own homepage section.
To remove this section, either delete content/home/teaching.md or edit the frontmatter of the file to deactivate the widget by setting active = false.</description>
    </item>
    
    <item>
      <title>Tags</title>
      <link>/home/tags/</link>
      <pubDate>Wed, 20 Sep 2017 00:00:00 -0300</pubDate>
      
      <guid>/home/tags/</guid>
      <description></description>
    </item>
    
    <item>
      <title>Contact</title>
      <link>/home/contact/</link>
      <pubDate>Wed, 20 Apr 2016 00:00:00 -0300</pubDate>
      
      <guid>/home/contact/</guid>
      <description></description>
    </item>
    
  </channel>
</rss>