codigo_estacao,data,hora,temp_inst,temp_max,temp_min,umid_inst,umid_max,umid_min,pto_orvalho_inst,pto_orvalho_max,pto_orvalho_min,pressao,pressao_max,pressao_min,vento_direcao,vento_vel, vento_rajada,radiacao,precipitacao
B806,30/01/2018,13,16.9,17.1,16.6,81,90,77,13.5,15.2,13.0,906.5,906.6,906.2,1.3,99,2.8,667.8,0.0
B806,30/01/2018,5,15.6,15.7,15.4,97,97,95,15.1,15.1,14.7,904.9,905.1,904.7,0.3,148,1.6,-1.75,1.0
B806,30/01/2018,14,18.3,18.3,16.9,72,83,68,13.2,14.4,12.2,906.5,906.6,906.4,0.7,103,2.8,908.0,0.0
B806,30/01/2018,1,16.5,16.8,16.5,96,97,96,15.9,16.3,15.9,906.0,906.1,905.3,1.9,98,6.1,-1.32,0.4
B806,30/01/2018,18,21.1,21.6,20.2,////,////,////,////,////,////,905.7,906.2,905.7,1.5,74,4.0,1892.,0.0
B806,30/01/2018,15,18.8,18.9,17.7,74,79,66,14.0,15.0,11.7,906.6,906.7,906.5,1.1,10,2.5,1610.,0.0
B806,30/01/2018,16,19.4,20.0,18.5,70,79,66,13.8,15.1,12.7,906.4,906.6,906.4,1.5,77,4.0,1856.,0.0
B806,30/01/2018,23,16.8,19.0,16.8,93,93,82,15.6,16.1,15.5,906.0,906.1,905.2,1.2,104,4.6,40.77,0.0
B806,30/01/2018,17,20.6,20.6,19.4,66,73,63,13.9,14.9,12.8,906.2,906.4,906.0,1.4,58,3.9,1678.,0.0
B806,30/01/2018,6,15.6,15.7,15.5,97,97,97,15.1,15.3,15.0,904.1,904.9,904.1,0.9,68,3.0,-1.70,0.2
B806,30/01/2018,22,18.9,20.3,18.9,83,87,79,16.1,17.2,15.9,905.2,905.3,904.7,1.1,107,4.5,454.2,0.0
B806,30/01/2018,4,15.4,15.5,15.3,95,96,95,14.7,14.8,14.6,905.1,905.8,905.1,0.5,66,3.1,-1.83,0.0
B806,30/01/2018,7,15.4,15.5,15.3,97,97,96,14.9,15.0,14.7,904.3,904.4,904.1,0.5,16,3.4,-1.36,0.2
B806,30/01/2018,21,19.6,21.0,19.5,85,86,75,16.9,17.1,16.3,904.7,905.0,904.7,1.3,93,4.1,487.8,0.0
B806,30/01/2018,8,15.6,15.6,15.4,97,97,97,15.2,15.2,14.9,903.9,904.3,903.9,0.8,52,1.9,-1.86,0.0
B806,30/01/2018,3,15.3,15.7,15.3,96,97,96,14.7,15.1,14.7,905.8,906.6,905.7,0.8,69,2.4,-1.88,0.0
B806,30/01/2018,20,20.8,21.1,20.1,77,83,74,16.5,17.3,15.9,905.0,905.2,905.0,0.7,113,3.7,650.1,0.0
B806,30/01/2018,9,15.8,15.8,15.5,97,98,97,15.4,15.4,15.1,904.4,904.4,903.9,0.8,91,1.9,-1.89,0.0
B806,30/01/2018,0,16.6,17.0,16.6,96,96,96,15.9,16.4,15.9,905.3,905.5,904.3,1.7,100,7.4,-1.29,0.6
B806,30/01/2018,10,16.3,16.3,15.8,98,98,97,15.9,15.9,15.4,905.0,905.0,904.4,0.4,183,1.8,22.76,0.0
B806,30/01/2018,11,15.8,16.6,15.8,94,98,94,14.9,16.2,14.9,905.5,905.5,904.9,1.5,77,2.8,132.4,0.0
B806,30/01/2018,19,20.6,21.3,20.5,74,////,////,15.9,////,////,905.2,905.7,905.2,1.2,80,3.9,1081.,0.0
B806,30/01/2018,2,15.7,16.5,15.6,96,97,95,15.0,15.9,14.9,906.6,906.6,906.0,1.0,100,6.1,-1.36,0.4
B806,30/01/2018,12,16.6,16.6,15.8,89,95,88,14.7,15.1,14.6,906.2,906.5,905.5,0.6,89,2.8,376.6,0.0
B806,31/01/2018,19,24.9,25.1,23.3,59,66,55,16.4,17.1,14.9,907.3,907.9,907.2,1.6,110,5.8,2969.,0.0
B806,31/01/2018,1,15.9,16.2,15.7,96,96,94,15.2,15.5,14.8,906.9,907.0,906.5,0.6,153,1.3,-3.33,0.0
B806,31/01/2018,2,15.5,15.9,15.4,96,96,95,14.8,15.2,14.7,907.0,907.1,906.9,0.4,351,1.3,-3.14,0.0
B806,31/01/2018,3,16.1,16.1,15.5,97,97,96,15.7,15.7,14.8,906.8,907.0,906.7,0.3,275,1.0,-1.38,0.6
B806,31/01/2018,4,16.5,16.5,16.0,98,98,97,16.2,16.2,15.6,906.3,906.9,906.2,0.4,53,1.2,-1.07,0.4
B806,31/01/2018,5,16.8,17.0,16.5,97,98,97,16.4,16.6,16.2,906.0,906.4,905.9,0.6,97,3.4,-1.93,0.2
B806,31/01/2018,6,16.8,17.0,16.8,97,98,97,16.3,16.6,16.3,905.6,906.0,905.6,0.5,112,3.4,-2.68,0.0
B806,31/01/2018,7,16.8,16.9,16.7,97,97,97,16.4,16.5,16.3,905.8,905.8,905.6,0.3,35,2.2,-2.08,0.2
B806,31/01/2018,8,16.2,16.9,16.2,97,97,97,15.8,16.4,15.8,905.8,905.9,905.6,0.3,108,1.0,-3.15,0.0
B806,31/01/2018,9,16.2,16.3,16.2,98,98,97,15.8,15.9,15.8,906.3,906.3,905.8,0.4,92,1.0,-2.55,0.0
B806,31/01/2018,10,16.0,16.2,15.6,98,98,97,15.7,15.8,15.3,906.9,906.9,906.3,0.7,179,2.3,42.47,0.0
B806,31/01/2018,11,17.3,17.3,15.8,96,98,96,16.7,16.8,15.4,907.5,907.5,906.9,0.7,167,2.3,387.0,0.0
B806,31/01/2018,12,18.4,18.6,17.3,87,96,85,16.3,16.8,15.7,908.0,908.0,907.4,1.0,75,2.8,867.7,0.0
B806,31/01/2018,13,21.1,21.5,18.4,////,88,69,////,17.4,15.7,908.3,908.3,908.0,1.7,81,4.7,1548.,0.0
B806,31/01/2018,14,21.0,21.5,20.3,////,////,////,////,////,////,908.5,908.6,908.3,0.8,135,4.7,1815.,0.0
B806,31/01/2018,15,22.5,22.5,20.9,66,73,64,15.9,16.5,14.7,908.4,908.5,908.3,1.1,126,4.9,2136.,0.0
B806,31/01/2018,16,23.0,23.0,21.8,65,71,63,16.1,16.5,14.6,908.5,908.6,908.4,2.0,67,4.4,2090.,0.0
B806,31/01/2018,17,23.9,24.6,22.9,59,68,55,15.3,17.3,14.7,908.1,908.6,908.1,1.4,118,5.2,3817.,0.0
B806,31/01/2018,18,24.6,25.0,23.3,60,67,54,16.2,17.1,14.2,907.9,908.2,907.8,1.5,130,6.8,3126.,0.0
B806,31/01/2018,20,22.8,25.4,22.6,73,74,56,17.7,17.8,15.8,907.2,907.4,907.1,2.3,119,6.2,2220.,0.0
B806,31/01/2018,21,21.1,23.0,21.1,////,79,70,////,18.0,16.9,907.2,907.3,907.0,1.8,114,7.3,1262.,0.0
B806,31/01/2018,22,18.9,21.1,18.9,93,93,80,17.6,18.0,16.9,907.3,907.6,907.1,1.2,114,6.4,364.8,0.0
B806,31/01/2018,0,16.0,16.8,16.0,95,95,92,15.2,15.6,15.1,906.7,906.8,906.0,0.3,98,3.3,-3.60,0.0
B806,31/01/2018,23,18.0,18.9,17.9,94,94,91,16.9,17.8,16.8,907.8,907.9,907.3,1.4,114,4.9,26.26,0.0
B806,01/02/2018,2,16.9,17.1,16.8,96,97,95,16.3,16.5,16.1,908.8,908.8,908.4,0.7,104,4.5,-3.10,0.2
B806,01/02/2018,19,22.3,23.8,21.8,75,80,69,17.7,19.3,16.8,907.2,907.6,907.2,1.7,105,4.5,1619.,0.0
B806,01/02/2018,6,15.1,15.8,15.1,97,97,95,14.6,15.1,14.6,907.6,908.1,907.6,0.5,111,1.4,-2.91,0.0
B806,01/02/2018,20,21.9,22.6,21.6,////,80,69,////,18.5,16.7,906.8,907.2,906.8,2.3,103,5.4,1371.,0.0
B806,01/02/2018,7,14.2,15.2,14.2,97,97,97,13.8,14.7,13.8,907.1,907.6,907.0,0.8,42,1.6,-3.51,0.0
B806,01/02/2018,21,20.6,21.9,19.7,85,87,77,17.9,18.0,17.2,906.9,906.9,906.8,1.8,100,6.2,833.8,0.0
B806,01/02/2018,8,14.1,14.3,13.9,98,98,97,13.8,14.0,13.6,907.3,907.4,906.9,0.9,213,1.6,-3.45,0.0
B806,01/02/2018,9,14.7,14.7,14.1,98,98,98,14.4,14.4,13.8,907.9,907.9,907.3,0.7,195,1.5,-1.21,0.2
B806,01/02/2018,10,15.4,15.5,14.7,98,98,98,15.1,15.2,14.5,907.8,908.0,907.6,0.6,289,1.5,41.50,0.0
B806,01/02/2018,22,18.6,20.6,18.6,90,90,82,16.8,17.6,16.7,907.3,907.3,906.9,1.8,93,6.8,423.9,0.0
B806,01/02/2018,11,16.3,16.6,15.4,97,98,97,15.8,16.1,15.1,908.1,908.2,907.6,0.6,274,1.5,299.7,0.0
B806,01/02/2018,12,17.6,17.7,16.3,92,97,91,16.3,16.6,15.8,908.7,908.7,908.1,1.0,207,2.2,583.4,0.0
B806,01/02/2018,13,17.2,17.7,17.2,93,95,92,16.1,16.7,16.1,909.2,909.2,908.7,1.3,179,2.8,587.6,0.2
B806,01/02/2018,14,19.4,19.6,17.2,83,96,82,16.3,17.9,16.1,909.0,909.3,909.0,0.8,120,2.8,1612.,0.2
B806,01/02/2018,15,19.3,20.2,19.1,90,92,82,17.7,18.1,16.3,908.8,909.0,908.8,0.8,136,3.3,1161.,0.0
B806,01/02/2018,16,20.3,20.4,19.3,84,92,81,17.5,18.2,16.7,908.4,908.8,908.4,0.8,127,2.9,1471.,0.0
B806,01/02/2018,3,16.3,17.2,16.3,94,97,94,15.3,16.6,15.3,908.8,908.9,908.8,0.8,141,3.3,-2.73,0.6
B806,01/02/2018,1,17.1,17.6,17.0,95,96,94,16.2,16.8,16.2,908.4,908.5,907.9,1.5,106,4.5,-3.18,0.2
B806,01/02/2018,23,18.0,18.6,18.0,92,92,89,16.6,16.9,16.5,907.4,907.5,907.2,1.7,106,5.5,6869,0.0
B806,01/02/2018,0,17.4,18.0,17.4,95,95,93,16.6,16.8,16.5,908.0,908.1,907.8,1.1,113,5.4,-3.57,0.0
B806,01/02/2018,17,22.2,22.6,20.1,75,87,72,17.5,18.3,16.7,907.9,908.4,907.8,1.0,125,4.1,1894.,0.0
B806,01/02/2018,4,15.7,16.3,15.7,96,96,94,15.0,15.3,14.9,908.2,908.8,908.2,0.5,146,2.6,-3.59,0.0
B806,01/02/2018,18,21.8,23.4,21.8,76,78,71,17.4,18.7,17.2,907.6,907.9,907.5,1.1,143,5.2,2343.,0.2
B806,01/02/2018,5,15.7,15.7,15.4,96,97,95,15.0,15.1,14.7,908.0,908.4,907.9,0.6,144,1.5,-3.43,0.2
B806,02/02/2018,1,17.2,17.7,17.2,93,94,92,16.0,16.4,16.0,907.7,907.9,907.4,1.5,102,6.1,-1.68,0.0
B806,02/02/2018,6,15.4,15.8,15.4,95,96,95,14.6,15.1,14.6,906.8,907.3,906.6,1.1,356,2.0,-3.57,0.0
B806,02/02/2018,23,19.3,21.0,19.3,88,89,81,17.3,17.9,17.3,905.0,905.1,904.6,1.9,102,5.1,35.25,0.0
B806,02/02/2018,20,24.1,26.1,23.6,70,73,62,18.3,19.3,17.1,904.1,904.4,904.1,1.8,90,4.7,1300.,0.0
B806,02/02/2018,2,16.9,17.2,16.9,92,93,92,15.6,16.1,15.6,908.0,908.1,907.7,1.1,82,4.3,-2.98,0.0
B806,02/02/2018,14,21.2,21.4,19.8,75,81,73,16.6,16.8,15.0,907.3,907.4,907.3,1.0,124,3.9,1715.,0.0
B806,02/02/2018,21,23.4,24.7,23.0,72,77,66,18.0,19.1,17.5,904.2,904.5,904.1,1.7,80,5.5,1144.,0.0
B806,02/02/2018,7,15.2,15.4,15.2,97,97,95,14.6,14.8,14.6,906.2,906.9,906.1,0.5,341,1.6,-3.58,0.0
B806,02/02/2018,18,24.6,25.2,23.3,67,74,62,18.0,18.7,17.0,905.1,905.9,905.1,1.1,136,5.0,2061.,0.0
B806,02/02/2018,17,23.4,25.1,23.2,71,76,64,17.9,19.3,17.0,905.8,906.5,905.8,1.4,99,4.8,3008.,0.0
B806,02/02/2018,3,16.6,16.9,16.4,91,93,91,15.1,15.8,15.1,907.8,908.1,907.6,0.4,156,3.3,-3.40,0.0
B806,02/02/2018,10,14.8,15.1,14.7,97,97,97,14.4,14.6,14.2,906.6,906.7,905.9,0.4,330,1.8,27.76,0.0
B806,02/02/2018,12,17.7,17.7,15.9,88,96,88,15.6,15.9,15.1,907.2,907.3,906.7,1.4,200,3.3,609.0,0.0
B806,02/02/2018,19,26.1,26.1,24.6,65,70,58,19.0,19.2,16.4,904.4,905.2,904.4,1.1,107,4.7,2435.,0.0
B806,02/02/2018,13,20.2,20.2,17.6,76,88,76,15.8,16.3,14.7,907.3,907.5,907.2,0.8,128,3.7,1089.,0.0
B806,02/02/2018,22,21.0,23.4,20.9,81,82,72,17.7,18.4,17.4,904.7,904.7,904.2,1.8,93,5.5,561.8,0.0
B806,02/02/2018,0,17.7,18.0,17.7,92,93,91,16.4,16.7,16.3,907.6,907.6,907.4,1.5,95,5.4,-2.35,0.0
B806,02/02/2018,16,24.5,24.6,22.8,69,74,65,18.4,18.7,16.4,906.5,906.9,906.5,1.2,110,5.3,2619.,0.0
B806,02/02/2018,4,16.0,16.7,16.0,93,93,90,14.8,15.2,14.8,907.2,908.0,907.1,0.6,50,1.9,-3.07,0.0
B806,02/02/2018,11,16.0,16.0,14.8,96,97,96,15.3,15.3,14.3,906.7,906.8,906.6,0.6,234,1.3,190.8,0.0
B806,02/02/2018,8,14.9,15.2,14.8,97,98,97,14.4,14.8,14.3,906.3,906.5,906.0,0.6,302,1.9,-3.33,0.0
B806,02/02/2018,15,23.4,23.4,20.9,73,77,69,18.4,18.4,15.6,906.9,907.4,906.9,1.7,66,5.3,2161.,0.0
B806,02/02/2018,5,15.6,16.0,15.6,95,95,93,14.8,14.9,14.7,907.2,907.4,907.1,0.6,339,1.5,-3.59,0.0
B806,02/02/2018,9,15.0,15.5,14.9,97,98,96,14.5,15.0,14.4,906.3,906.5,906.0,0.6,322,1.5,-2.29,0.0
B806,03/02/2018,12,17.6,17.6,14.7,78,91,78,13.7,14.5,13.2,906.7,906.8,906.4,0.7,200,1.4,1407.,0.0
B806,03/02/2018,0,18.6,19.3,18.6,92,93,88,17.3,17.4,17.1,905.6,905.6,905.0,0.4,130,5.1,-3.60,0.0
B806,03/02/2018,23,17.6,18.9,17.6,86,86,74,15.2,15.2,14.2,906.9,907.2,906.7,1.2,106,7.1,53.15,0.0
B806,03/02/2018,1,18.3,18.7,18.3,93,94,92,17.1,17.4,17.1,905.9,906.1,905.6,0.5,163,2.1,-3.60,0.0
B806,03/02/2018,2,16.9,18.3,16.9,94,94,93,15.9,17.1,15.8,906.3,906.3,905.9,0.4,102,1.6,-3.60,0.0
B806,03/02/2018,3,15.9,16.9,15.9,95,95,94,15.1,15.9,15.1,906.2,906.4,906.1,0.4,85,2.2,-3.60,0.0
B806,03/02/2018,4,15.0,15.9,15.0,96,97,95,14.3,15.1,14.3,905.8,906.3,905.8,1.1,72,3.4,-3.60,0.0
B806,03/02/2018,5,15.1,15.9,14.8,97,97,95,14.6,15.3,14.2,905.8,906.0,905.8,0.9,53,4.5,-3.60,0.0
B806,03/02/2018,6,14.3,15.2,14.2,97,97,96,13.8,14.7,13.6,905.6,905.9,905.6,0.4,139,1.6,-3.60,0.0
B806,03/02/2018,7,13.5,14.4,13.3,97,98,96,13.0,14.0,12.7,905.5,905.8,905.5,0.3,35,1.5,-3.60,0.0
B806,03/02/2018,8,12.3,13.7,12.2,97,97,96,11.9,13.2,11.6,905.5,905.6,905.4,0.3,219,1.8,-3.60,0.0
B806,03/02/2018,9,12.1,12.7,11.7,98,98,97,11.7,12.3,11.2,905.7,905.8,905.5,0.2,205,1.0,-3.59,0.0
B806,03/02/2018,10,11.1,12.3,11.0,97,98,96,10.7,11.9,10.4,906.1,906.1,905.7,0.2,215,1.0,22.69,0.0
B806,03/02/2018,11,14.7,14.8,11.1,90,98,90,13.2,13.6,10.6,906.4,906.5,906.1,0.2,37,1.0,466.9,0.0
B806,03/02/2018,13,21.5,21.6,17.6,////,80,40,////,15.0,6.2,907.0,907.0,906.7,0.9,124,2.7,2183.,0.0
B806,03/02/2018,14,22.9,23.3,20.8,44,50,39,10.1,10.6,7.0,907.1,907.2,907.0,1.2,65,4.1,2960.,0.0
B806,03/02/2018,15,24.8,25.0,22.9,35,46,31,8.1,10.9,6.3,907.0,907.1,906.8,1.5,114,5.6,3457.,0.0
B806,03/02/2018,16,24.9,25.2,24.3,34,37,31,8.2,9.4,6.2,906.5,907.0,906.4,2.3,90,6.0,3795.,0.0
B806,03/02/2018,17,25.2,25.4,24.4,43,44,32,11.6,11.6,7.4,906.3,906.7,906.2,2.0,95,7.1,3982.,0.0
B806,03/02/2018,18,24.7,25.5,24.3,48,52,40,12.9,14.5,10.6,906.1,906.3,906.1,2.3,83,7.8,3688.,0.0
B806,03/02/2018,19,23.6,24.8,23.6,54,57,46,13.9,15.2,11.9,905.8,906.1,905.8,2.4,101,8.2,3132.,0.0
B806,03/02/2018,20,22.5,24.8,22.5,64,65,52,15.3,16.4,13.5,906.1,906.1,905.8,2.7,86,8.2,2150.,0.0
B806,03/02/2018,21,20.9,22.6,20.9,////,69,62,////,////,////,906.2,906.3,905.9,1.7,118,7.3,1237.,0.0
B806,03/02/2018,22,18.9,20.9,18.9,75,75,66,14.3,14.3,13.7,906.7,906.7,906.1,1.8,101,7.6,637.1,0.0
B806,04/02/2018,7,16.6,16.6,16.5,97,97,96,16.0,16.1,15.9,906.8,907.1,906.8,0.6,104,4.2,-1.91,0.6
B806,04/02/2018,13,17.8,18.3,16.6,88,95,85,15.7,16.6,15.3,909.9,909.9,909.2,2.7,97,7.5,1104.,0.0
B806,04/02/2018,6,16.6,16.6,16.5,96,97,96,16.0,16.1,15.8,907.0,907.5,907.0,0.5,125,3.0,-2.24,0.6
B806,04/02/2018,14,19.6,19.9,17.7,82,89,77,16.5,16.8,15.3,910.1,910.1,909.9,1.6,100,7.5,1783.,0.0
B806,04/02/2018,15,21.0,21.3,19.0,////,84,70,////,17.7,15.4,909.9,910.1,909.9,2.0,90,6.2,2524.,0.0
B806,04/02/2018,22,17.6,19.4,17.6,84,84,77,14.8,15.8,14.8,908.8,909.0,908.6,1.7,111,7.0,459.1,0.0
B806,04/02/2018,16,20.7,21.9,20.4,////,////,////,////,////,////,909.6,910.0,909.6,1.6,99,6.2,2439.,0.0
B806,04/02/2018,17,22.1,22.3,20.3,71,////,////,16.5,////,////,909.2,909.6,909.2,1.4,97,4.5,1983.,0.0
B806,04/02/2018,18,22.3,22.5,21.3,65,73,64,15.3,17.0,14.4,908.7,909.2,908.7,2.0,69,6.4,2951.,0.0
B806,04/02/2018,23,16.4,17.6,16.4,89,90,83,14.7,14.8,14.5,909.2,909.3,908.8,1.9,97,6.0,30.89,0.0
B806,04/02/2018,21,19.0,21.7,19.0,77,77,67,14.9,15.8,14.7,908.6,908.6,908.3,3.0,95,6.2,889.7,0.0
B806,04/02/2018,8,16.4,16.6,16.3,97,97,96,15.9,16.1,15.8,906.9,906.9,906.7,0.9,122,4.3,-1.93,0.4
B806,04/02/2018,5,16.5,16.8,16.5,96,96,93,15.9,16.0,15.6,907.4,908.1,907.4,0.9,72,4.1,-2.78,0.4
B806,04/02/2018,9,16.2,16.5,16.1,97,97,96,15.6,16.0,15.6,907.2,907.3,906.9,0.7,132,2.7,-2.10,0.8
B806,04/02/2018,4,16.8,17.1,16.8,93,93,91,15.7,15.8,15.5,908.0,908.2,907.9,1.6,84,4.6,-3.58,0.0
B806,04/02/2018,1,16.7,16.9,16.6,92,92,90,15.4,15.4,15.3,907.8,907.8,907.5,1.5,90,6.1,-3.60,0.0
B806,04/02/2018,10,15.7,16.2,15.6,95,97,94,14.9,15.7,14.8,908.0,908.0,907.2,0.9,131,2.9,16.79,0.0
B806,04/02/2018,2,16.6,16.7,16.5,93,93,92,15.4,15.4,15.3,908.1,908.1,907.8,1.2,119,5.2,-3.60,0.0
B806,04/02/2018,3,17.1,17.1,16.6,92,93,92,15.9,15.9,15.4,908.1,908.4,907.9,0.6,130,4.7,-3.59,0.0
B806,04/02/2018,0,16.9,17.6,16.9,90,91,86,15.4,15.4,15.2,907.4,907.5,906.9,1.4,91,4.4,-3.60,0.0
B806,04/02/2018,11,16.4,16.4,15.7,94,95,93,15.3,15.5,14.9,908.5,908.5,908.0,0.9,110,3.3,250.8,0.0
B806,04/02/2018,12,16.7,17.0,16.4,93,94,91,15.6,16.0,15.4,909.3,909.3,908.5,1.5,109,4.1,411.2,0.0
B806,04/02/2018,20,21.3,21.4,19.9,////,75,68,////,16.2,14.6,908.3,908.8,908.3,1.3,126,6.4,1534.,0.0
B806,04/02/2018,19,20.5,22.7,20.5,72,75,62,15.3,////,////,908.6,908.7,908.5,2.3,90,6.4,1585.,0.0
B806,05/02/2018,1,15.8,15.8,15.2,90,93,90,14.1,14.4,14.0,910.0,910.0,909.6,1.1,93,3.4,-3.60,0.0
B806,05/02/2018,23,17.3,18.6,17.3,88,89,83,15.4,15.9,15.4,907.1,907.1,906.6,1.8,74,6.6,49.07,0.0
B806,05/02/2018,13,18.7,18.7,17.9,81,87,79,15.3,16.0,14.8,908.7,908.9,908.4,1.7,103,5.1,1232.,0.0
B806,05/02/2018,3,15.8,16.0,15.5,93,93,91,14.7,14.7,14.3,909.6,910.1,909.6,0.5,126,3.1,-3.47,0.0
B806,05/02/2018,4,15.3,15.9,15.3,95,95,93,14.6,14.9,14.6,908.9,909.6,908.9,0.7,147,2.2,-3.27,0.2
B806,05/02/2018,0,15.6,16.4,15.6,92,92,89,14.4,14.7,14.4,909.7,909.8,909.2,1.3,102,6.3,-3.60,0.0
B806,05/02/2018,5,15.6,15.6,15.3,97,97,95,15.0,15.1,14.5,908.3,909.2,908.3,0.7,135,1.9,-2.23,0.8
B806,05/02/2018,6,15.6,15.7,15.6,97,97,96,15.0,15.2,15.0,907.7,908.3,907.7,0.5,129,1.8,-2.17,0.2
B806,05/02/2018,14,20.0,21.3,18.5,72,84,68,14.9,16.3,14.6,908.9,908.9,908.7,1.8,63,4.7,2062.,0.0
B806,05/02/2018,8,15.5,15.5,15.4,96,97,96,14.9,15.0,14.8,907.4,907.5,907.1,0.3,139,1.9,-2.54,0.2
B806,05/02/2018,9,15.3,15.5,15.2,97,97,96,14.8,15.0,14.7,907.3,907.4,907.3,1.4,104,4.3,-2.12,0.2
B806,05/02/2018,10,15.3,15.3,15.2,97,97,96,14.8,14.8,14.6,907.6,907.6,907.2,1.0,97,4.3,18.84,0.2
B806,05/02/2018,11,16.3,16.4,15.3,96,97,95,15.7,15.7,14.8,908.1,908.1,907.6,0.9,83,2.5,290.7,0.0
B806,05/02/2018,15,20.4,21.5,19.6,71,77,66,15.1,////,////,908.4,909.0,908.3,1.9,36,5.1,2200.,0.0
B806,05/02/2018,12,17.9,18.6,16.3,84,96,80,15.2,16.2,14.8,908.4,908.4,908.1,2.0,59,4.9,1145.,0.0
B806,05/02/2018,16,22.6,23.2,20.3,59,77,56,14.2,16.6,13.2,907.9,908.4,907.9,1.8,43,5.4,3238.,0.0
B806,05/02/2018,17,22.5,22.9,21.9,60,63,51,14.3,14.7,11.8,907.1,907.9,907.1,1.0,147,5.9,1606.,0.0
B806,05/02/2018,18,22.8,24.0,21.9,64,70,55,15.6,16.6,13.5,906.5,907.1,906.5,1.7,106,4.9,2256.,0.0
B806,05/02/2018,19,21.8,24.0,21.8,////,70,58,////,17.4,14.3,906.2,906.5,906.2,1.9,108,5.6,1898.,0.0
B806,05/02/2018,20,22.4,22.6,20.9,68,////,////,16.2,////,////,906.0,906.2,905.9,2.2,111,6.0,1204.,0.0
B806,05/02/2018,21,20.4,22.4,20.3,75,////,////,15.9,////,////,906.1,906.2,905.9,2.7,99,7.3,1331.,0.0
B806,05/02/2018,22,18.6,20.5,18.6,84,84,74,15.9,16.4,15.5,906.6,906.7,906.1,1.7,101,7.3,574.4,0.0
B806,05/02/2018,2,15.9,15.9,15.6,93,93,89,14.7,14.7,14.2,910.1,910.3,909.9,0.4,116,3.4,-3.59,0.0
B806,06/02/2018,17,23.6,24.9,22.5,44,54,42,10.5,13.0,10.3,905.9,906.4,905.9,1.5,164,4.2,3682.,0.0
B806,06/02/2018,5,14.1,15.0,14.1,96,97,95,13.5,14.4,13.4,906.4,907.0,906.3,0.5,208,1.7,-3.60,0.0
B806,06/02/2018,13,20.3,20.7,18.0,////,80,67,////,15.7,13.2,907.3,907.5,907.3,1.2,19,2.7,2239.,0.0
B806,06/02/2018,10,13.1,13.7,13.0,97,98,97,12.6,13.3,12.6,906.6,906.6,906.2,0.2,110,0.7,24.50,0.0
B806,06/02/2018,16,22.5,23.8,22.0,53,57,45,12.5,13.2,10.0,906.3,906.6,906.3,0.8,180,3.5,2368.,0.0
B806,06/02/2018,6,13.9,14.2,13.5,97,97,96,13.4,13.7,12.9,906.0,906.4,906.0,0.6,347,1.1,-3.41,0.0
B806,06/02/2018,11,15.8,15.9,13.1,89,98,89,14.0,14.5,12.6,907.1,907.1,906.6,0.4,200,0.9,436.5,0.0
B806,06/02/2018,0,16.1,17.3,16.1,92,92,88,14.8,15.4,14.8,907.1,907.2,907.0,1.2,105,4.5,-3.60,0.0
B806,06/02/2018,14,21.8,22.1,19.8,58,////,////,13.2,////,////,906.9,907.2,906.9,1.0,325,3.6,3185.,0.0
B806,06/02/2018,7,14.7,14.8,13.9,97,97,97,14.2,14.3,13.4,906.0,906.1,905.9,0.4,194,1.1,-1.62,0.0
B806,06/02/2018,12,18.6,18.6,15.8,78,89,78,14.6,14.8,13.6,907.3,907.5,907.1,0.6,198,1.9,1348.,0.0
B806,06/02/2018,2,15.2,16.0,15.1,95,95,92,14.4,14.7,14.3,907.2,907.4,907.2,0.4,95,2.6,-3.60,0.0
B806,06/02/2018,8,14.6,14.8,14.4,97,97,96,14.0,14.3,13.9,906.1,906.2,905.9,0.3,54,1.0,-3.48,0.0
B806,06/02/2018,23,18.0,20.4,18.0,88,88,79,16.1,16.8,16.1,905.6,905.7,904.9,1.2,82,5.2,48.09,0.0
B806,06/02/2018,1,16.0,16.3,15.9,92,93,91,14.7,15.0,14.7,907.3,907.3,907.1,0.9,82,3.1,-3.58,0.0
B806,06/02/2018,4,15.0,15.0,14.2,96,97,95,14.4,14.4,13.6,906.9,907.3,906.9,0.8,62,1.4,-3.43,0.0
B806,06/02/2018,20,22.5,25.6,22.5,69,69,37,16.4,16.4,9.5,904.8,904.8,904.5,1.1,97,5.4,1552.,0.0
B806,06/02/2018,19,24.1,24.7,23.4,44,49,40,11.1,13.0,9.8,904.8,905.1,904.7,1.3,223,3.4,1295.,0.0
B806,06/02/2018,3,14.2,15.2,14.2,96,96,95,13.6,14.4,13.5,907.2,907.4,907.2,0.3,53,1.1,-3.59,0.0
B806,06/02/2018,15,22.7,22.9,21.2,50,63,47,11.6,14.2,10.7,906.6,906.9,906.5,1.3,14,3.3,2723.,0.0
B806,06/02/2018,18,23.4,24.6,23.4,46,51,41,11.2,13.0,9.9,905.1,905.8,905.1,0.9,87,3.4,1383.,0.0
B806,06/02/2018,21,21.9,23.2,21.9,////,72,63,////,16.8,14.9,904.6,904.9,904.4,1.7,98,5.3,713.3,0.0
B806,06/02/2018,9,13.7,14.6,13.7,97,97,96,13.2,14.1,13.2,906.2,906.3,906.0,0.4,346,1.0,-3.59,0.0
B806,06/02/2018,22,20.4,21.9,20.4,79,////,////,16.7,////,////,904.9,905.0,904.5,1.8,91,5.3,544.8,0.0
B806,07/02/2018,11,14.9,15.2,14.7,99,99,98,14.7,14.9,14.5,907.5,907.5,906.9,0.7,264,1.9,201.8,0.0
B806,07/02/2018,0,17.0,18.0,17.0,93,93,88,15.9,16.1,15.9,905.9,906.0,905.6,0.9,63,3.8,-3.60,0.0
B806,07/02/2018,23,19.1,20.0,19.1,94,95,91,18.1,18.6,18.1,906.6,906.7,906.1,1.1,111,3.5,48.88,0.0
B806,07/02/2018,1,16.6,17.0,16.6,95,95,93,15.8,16.0,15.7,906.5,906.5,905.9,1.0,58,2.6,-3.60,0.0
B806,07/02/2018,2,16.8,16.8,16.5,96,96,95,16.1,16.2,15.7,906.7,906.8,906.5,1.0,71,2.9,-3.53,0.0
B806,07/02/2018,3,16.4,16.8,16.4,96,96,96,15.8,16.2,15.8,906.7,906.9,906.7,0.9,81,2.8,-3.60,0.0
B806,07/02/2018,4,16.1,16.4,16.0,97,97,96,15.5,15.8,15.4,906.5,906.8,906.4,0.7,73,2.3,-3.60,0.0
B806,07/02/2018,5,16.0,16.3,16.0,96,97,96,15.3,15.7,15.3,906.1,906.5,906.1,0.3,10,1.6,-3.56,0.0
B806,07/02/2018,6,15.4,16.1,15.4,96,96,95,14.8,15.4,14.8,905.6,906.1,905.6,0.9,63,2.0,-3.35,0.0
B806,07/02/2018,7,14.9,15.4,14.7,97,97,96,14.4,14.8,14.2,905.8,905.8,905.6,0.4,237,1.5,-3.22,0.0
B806,07/02/2018,8,15.2,15.2,14.8,98,98,97,14.8,14.9,14.4,905.9,905.9,905.7,0.5,233,1.3,-0.95,0.0
B806,07/02/2018,9,14.8,15.2,14.7,98,98,98,14.5,14.8,14.5,906.5,906.5,905.9,1.0,206,1.6,-0.85,0.0
B806,07/02/2018,10,14.8,14.9,14.7,98,99,98,14.5,14.7,14.4,906.8,907.0,906.3,0.7,223,1.6,18.90,0.0
B806,07/02/2018,12,16.1,16.2,14.9,98,99,98,15.8,15.9,14.7,907.9,907.9,907.5,0.4,67,2.2,740.8,0.0
B806,07/02/2018,13,20.3,20.3,16.1,76,99,76,15.8,17.2,15.5,907.9,908.1,907.9,0.5,123,2.2,1739.,0.0
B806,07/02/2018,14,23.2,23.2,20.3,65,76,60,16.1,16.1,13.9,908.1,908.3,907.9,0.5,108,2.3,2820.,0.0
B806,07/02/2018,15,23.9,24.5,22.6,59,70,55,15.4,17.1,14.0,907.8,908.2,907.8,1.4,258,4.6,2917.,0.0
B806,07/02/2018,16,25.2,26.2,23.9,50,59,46,14.1,15.9,13.1,907.2,907.8,907.2,1.7,267,4.2,3145.,0.0
B806,07/02/2018,17,25.6,26.2,24.4,49,54,48,14.0,15.8,13.4,906.6,907.3,906.6,1.9,281,4.9,2298.,0.0
B806,07/02/2018,19,22.8,24.3,21.6,69,71,57,16.8,17.1,14.7,906.0,906.5,905.9,2.7,1,7.0,1636.,0.0
B806,07/02/2018,20,20.7,23.3,20.7,77,////,////,16.5,////,////,906.4,906.4,905.8,0.6,137,6.0,822.8,0.8
B806,07/02/2018,21,21.3,21.4,19.9,89,95,77,19.5,19.9,16.7,905.5,906.6,905.4,1.4,54,2.5,1097.,3.8
B806,07/02/2018,22,20.0,21.6,19.6,92,93,89,18.6,19.9,18.4,906.1,906.2,905.4,1.4,99,4.0,350.1,0.0
B806,08/02/2018,20,26.1,27.1,26.0,56,59,50,16.5,17.4,15.6,906.3,906.6,906.2,2.1,324,5.9,1007.,0.0
B806,08/02/2018,19,27.0,28.5,26.8,51,55,44,16.1,17.4,14.7,906.6,906.9,906.6,3.2,289,6.3,2595.,0.0
B806,08/02/2018,7,17.8,18.2,17.8,96,97,96,17.2,17.7,17.2,906.5,906.8,906.5,0.8,57,2.8,-2.78,0.0
B806,08/02/2018,18,27.9,28.3,26.4,50,56,44,16.5,18.0,14.0,906.9,907.8,906.9,1.8,260,6.5,3370.,0.0
B806,08/02/2018,12,18.4,18.4,17.5,91,96,90,16.9,17.1,16.4,909.2,909.3,908.7,1.3,352,3.3,480.5,0.0
B806,08/02/2018,8,17.7,17.9,17.6,97,97,96,17.2,17.3,17.0,906.9,906.9,906.5,1.1,36,2.9,-1.85,0.0
B806,08/02/2018,9,17.1,17.7,17.1,98,98,97,16.8,17.2,16.8,907.2,907.2,906.8,2.0,13,3.4,-1.08,0.0
B806,08/02/2018,17,27.6,27.6,25.0,53,64,51,17.3,18.6,15.8,907.7,908.2,907.6,2.1,300,7.5,3531.,0.0
B806,08/02/2018,16,25.1,25.5,24.4,59,65,58,16.4,17.9,16.4,908.2,908.5,908.1,2.9,297,6.3,1536.,0.0
B806,08/02/2018,10,17.3,17.4,17.1,97,98,97,16.8,17.0,16.8,908.2,908.2,907.2,0.7,19,3.4,14.99,0.0
B806,08/02/2018,15,24.9,26.0,23.3,62,72,60,17.0,18.5,16.8,908.4,908.8,908.4,3.0,340,6.3,3219.,0.0
B806,08/02/2018,23,21.4,23.6,21.4,91,////,////,20.0,////,////,906.0,906.0,905.8,1.4,69,5.5,10.06,0.0
B806,08/02/2018,3,18.2,18.4,18.1,97,97,97,17.8,17.9,17.7,907.4,907.9,907.3,1.1,65,3.6,-1.41,0.0
B806,08/02/2018,22,23.6,27.3,23.6,82,82,51,20.3,20.4,16.1,905.9,905.9,905.7,1.8,77,5.3,580.3,0.0
B806,08/02/2018,2,18.4,18.7,18.3,97,97,97,17.9,18.2,17.9,908.0,908.1,907.1,1.2,99,3.5,-2.96,0.0
B806,08/02/2018,1,18.7,18.9,18.5,97,97,95,18.2,18.2,17.9,907.1,907.1,906.7,1.1,180,2.5,-3.14,0.2
B806,08/02/2018,14,23.4,23.4,20.5,72,84,67,18.0,18.6,16.3,908.8,909.4,908.8,2.0,339,4.3,2749.,0.0
B806,08/02/2018,0,18.8,19.1,18.7,95,96,94,18.0,18.3,17.9,906.7,906.8,906.5,1.4,353,2.5,-3.59,0.0
B806,08/02/2018,4,18.3,18.3,18.1,97,98,97,17.8,17.9,17.6,907.2,907.4,907.1,1.7,44,4.5,-1.47,0.0
B806,08/02/2018,13,20.6,20.8,18.4,81,91,81,17.2,17.9,16.4,909.4,909.4,909.2,1.6,332,3.8,1676.,0.0
B806,08/02/2018,21,27.2,27.4,26.1,51,57,50,16.1,17.4,15.8,905.8,906.3,905.7,1.5,294,4.4,1266.,0.0
B806,08/02/2018,5,18.1,18.4,18.1,97,97,96,17.6,17.8,17.5,907.0,907.5,907.0,0.7,68,3.7,-2.75,0.0
B806,08/02/2018,11,17.6,17.8,17.3,96,97,95,16.9,17.1,16.7,908.7,908.7,908.2,1.2,344,2.8,151.9,0.0
B806,08/02/2018,6,18.1,18.1,18.0,97,97,97,17.6,17.7,17.5,906.8,907.1,906.7,0.7,70,3.6,-2.22,0.0
